,antecedents,consequents,antecedent support,consequent support,support,confidence,lift,representativity,leverage,conviction,zhangs_metric,jaccard,certainty,kulczynski
0,frozenset({'LUNCH BAG'}),frozenset({'ALPHABET LUNCH'}),0.0558,0.0546,0.046,0.8243727598566307,15.098402195176385,1.0,0.042953319999999996,5.382991836734691,0.9889513091367893,0.7142857142857143,0.8142297015619111,0.8334318011737365
1,frozenset({'ALPHABET LUNCH'}),frozenset({'LUNCH BAG'}),0.0546,0.0558,0.046,0.8424908424908424,15.098402195176385,1.0,0.042953319999999996,5.994572093023252,0.9876960292859703,0.7142857142857143,0.8331824216170752,0.8334318011737365
2,frozenset({'LUNCH BOX WRAP'}),frozenset({'ALPHABET LUNCH'}),0.0578,0.0546,0.0462,0.7993079584775087,14.63933989885547,1.0,0.04304412,4.710700000000001,0.9888462206441403,0.6978851963746222,0.7877173243891566,0.8227309023156774
3,frozenset({'ALPHABET LUNCH'}),frozenset({'LUNCH BOX WRAP'}),0.0546,0.0578,0.0462,0.846153846153846,14.639339898855468,1.0,0.04304412,6.124299999999995,0.9854991634132738,0.6978851963746222,0.8367160328527341,0.8227309023156774
4,frozenset({'WATER BOTTLE'}),frozenset({'ALPHABET LUNCH'}),0.0554,0.0546,0.046,0.8303249097472925,15.20741592943759,1.0,0.04297516,5.571825531914895,0.9890351563578786,0.71875,0.8205256079408636,0.8364078761190674
5,frozenset({'ALPHABET LUNCH'}),frozenset({'WATER BOTTLE'}),0.0546,0.0554,0.046,0.8424908424908424,15.20741592943759,1.0,0.04297516,5.997111627906973,0.9881982321722573,0.71875,0.8332530621330112,0.8364078761190674
6,frozenset({'CALM HOT WATER'}),frozenset({'GREY HEART HOT'}),0.0566,0.0556,0.0476,0.8409893992932863,15.125708620382849,1.0,0.044453040000000006,5.93922666666667,0.9899166789887464,0.7368421052631581,0.8316279111534163,0.8485522536034777
7,frozenset({'GREY HEART HOT'}),frozenset({'CALM HOT WATER'}),0.0556,0.0566,0.0476,0.8561151079136692,15.125708620382849,1.0,0.044453040000000006,6.5566300000000055,0.9888684825899865,0.7368421052631581,0.8474826244579915,0.8485522536034777
8,frozenset({'HEART HOT WATER'}),frozenset({'CALM HOT WATER'}),0.0524,0.0566,0.0446,0.851145038167939,15.037898200846978,1.0,0.04163416,6.337712820512822,0.9851217236085689,0.6925465838509317,0.8422143716005289,0.8195654519461604
9,frozenset({'CALM HOT WATER'}),frozenset({'HEART HOT WATER'}),0.0566,0.0524,0.0446,0.7879858657243817,15.037898200846978,1.0,0.04163416,4.469513333333334,0.9895074679790967,0.6925465838509317,0.7762619942215931,0.8195654519461604
10,frozenset({'HOT WATER BOTTLE'}),frozenset({'CALM HOT WATER'}),0.0546,0.0566,0.047,0.8608058608058607,15.208584113177752,1.0,0.04390964,6.777584210526313,0.9882035747561541,0.7320872274143303,0.8524548026350018,0.845597276692683
11,frozenset({'CALM HOT WATER'}),frozenset({'HOT WATER BOTTLE'}),0.0566,0.0546,0.047,0.8303886925795053,15.208584113177752,1.0,0.04390964,5.573920833333334,0.9902985579547043,0.7320872274143303,0.8205930744441563,0.845597276692683
12,frozenset({'COFFEE MUG'}),frozenset({'MUG WARMER PINK'}),0.0554,0.0556,0.0474,0.855595667870036,15.388411292626548,1.0,0.04431976,6.539969999999998,0.9898539421504068,0.7452830188679246,0.8470940998200297,0.8540568267407734
13,frozenset({'MUG WARMER PINK'}),frozenset({'COFFEE MUG'}),0.0556,0.0554,0.0474,0.8525179856115108,15.38841129262655,1.0,0.04431976,6.404848780487806,0.9900635681440854,0.7452830188679246,0.8438682888116777,0.8540568267407734
14,frozenset({'COFFEE MUG'}),frozenset({'MUG WARMER POLKADOT'}),0.0554,0.0522,0.0444,0.8014440433212997,15.353334163243288,1.0,0.04150812,4.773465454545456,0.9896967685449582,0.7025316455696202,0.79050859181399,0.8260093779824889
15,frozenset({'MUG WARMER POLKADOT'}),frozenset({'COFFEE MUG'}),0.0522,0.0554,0.0444,0.8505747126436781,15.353334163243288,1.0,0.04150812,6.3215538461538445,0.9863553150111497,0.7025316455696202,0.8418110445095047,0.8260093779824889
16,frozenset({'COFFEE MUG'}),frozenset({'OFFICE MUG'}),0.0554,0.0548,0.047,0.848375451263538,15.48130385517405,1.0,0.04396408,6.2338190476190505,0.9902667345403436,0.7436708860759494,0.8395846924074671,0.8530198424200901
17,frozenset({'OFFICE MUG'}),frozenset({'COFFEE MUG'}),0.0548,0.0554,0.047,0.8576642335766423,15.48130385517405,1.0,0.04396408,6.636420512820513,0.9896381267951846,0.7436708860759494,0.8493163599159881,0.8530198424200901
18,frozenset({'DRAWING SLATE BUNNIES'}),frozenset({'DRAWING SLATE'}),0.0528,0.0544,0.0456,0.8636363636363636,15.875668449197862,1.0,0.042727680000000004,6.9344,0.9892425320056899,0.7402597402597404,0.8557914167051223,0.8509358288770055
19,frozenset({'DRAWING SLATE'}),frozenset({'DRAWING SLATE BUNNIES'}),0.0544,0.0528,0.0456,0.8382352941176472,15.875668449197864,1.0,0.042727680000000004,5.8554181818181865,0.99091637723751,0.7402597402597404,0.8292180047694755,0.8509358288770055
20,frozenset({'DRAWING SLATE'}),frozenset({'DRAWING SLATE DINOSAUR'}),0.0544,0.0544,0.0462,0.8492647058823529,15.611483564013842,1.0,0.04324064,6.273248780487804,0.98978911669267,0.7380191693290736,0.8405929630735542,0.8492647058823529
21,frozenset({'DRAWING SLATE DINOSAUR'}),frozenset({'DRAWING SLATE'}),0.0544,0.0544,0.0462,0.8492647058823529,15.611483564013842,1.0,0.04324064,6.273248780487804,0.98978911669267,0.7380191693290736,0.8405929630735542,0.8492647058823529
22,frozenset({'DRAWING SLATE'}),frozenset({'MAGIC DRAWING SLATE'}),0.0544,0.0532,0.0456,0.8382352941176472,15.756302521008406,1.0,0.04270592,5.852945454545459,0.9904117315284827,0.7354838709677419,0.8291458535251871,0.8476890756302522
23,frozenset({'MAGIC DRAWING SLATE'}),frozenset({'DRAWING SLATE'}),0.0532,0.0544,0.0456,0.8571428571428572,15.756302521008406,1.0,0.04270592,6.619200000000003,0.9891564568370651,0.7354838709677419,0.8489243413101282,0.8476890756302522
24,frozenset({'DRAWING SLATE BUNNIES'}),frozenset({'DRAWING SLATE DINOSAUR'}),0.0528,0.0544,0.0444,0.8409090909090909,15.45788770053476,1.0,0.041527680000000004,5.94377142857143,0.987445215485756,0.7070063694267517,0.8317566528226427,0.8285427807486632
25,frozenset({'DRAWING SLATE DINOSAUR'}),frozenset({'DRAWING SLATE BUNNIES'}),0.0544,0.0528,0.0444,0.8161764705882354,15.457887700534762,1.0,0.041527680000000004,5.152768000000003,0.9891160195728724,0.7070063694267517,0.8059295508744039,0.8285427807486632
26,frozenset({'DRAWING SLATE BUNNIES'}),frozenset({'MAGIC DRAWING SLATE'}),0.0528,0.0532,0.0442,0.8371212121212122,15.735361130097974,1.0,0.041391040000000004,5.812911627906978,0.9886495658554482,0.7152103559870552,0.827969172075636,0.8339741398951925
27,frozenset({'MAGIC DRAWING SLATE'}),frozenset({'DRAWING SLATE BUNNIES'}),0.0532,0.0528,0.0442,0.830827067669173,15.735361130097974,1.0,0.041391040000000004,5.599004444444447,0.9890672462803978,0.7152103559870552,0.821396819752083,0.8339741398951925
28,frozenset({'DRAWING SLATE DINOSAUR'}),frozenset({'MAGIC DRAWING SLATE'}),0.0544,0.0532,0.0444,0.8161764705882354,15.34166298098187,1.0,0.04150592,5.150592000000002,0.9885977347906282,0.7025316455696202,0.8058475608240763,0.8253814683768246
29,frozenset({'MAGIC DRAWING SLATE'}),frozenset({'DRAWING SLATE DINOSAUR'}),0.0532,0.0544,0.0444,0.8345864661654137,15.34166298098187,1.0,0.04150592,5.716581818181822,0.9873447592078771,0.7025316455696202,0.8250702899380432,0.8253814683768246
30,frozenset({'HEART HOT WATER'}),frozenset({'GREY HEART HOT'}),0.0524,0.0556,0.0448,0.8549618320610687,15.377011368004833,1.0,0.04188656,6.5113894736842095,0.9866693300367847,0.7088607594936708,0.8464229479680948,0.830358613872261
31,frozenset({'GREY HEART HOT'}),frozenset({'HEART HOT WATER'}),0.0556,0.0524,0.0448,0.8057553956834532,15.377011368004831,1.0,0.04188656,4.878385185185185,0.9900125552126824,0.7088607594936708,0.7950141364325172,0.830358613872261
32,frozenset({'HOT WATER BOTTLE'}),frozenset({'GREY HEART HOT'}),0.0546,0.0556,0.0472,0.8644688644688644,15.54800115951195,1.0,0.04416424,6.968140540540537,0.989721864657772,0.7492063492063492,0.8564896913054473,0.8566948638891085
33,frozenset({'GREY HEART HOT'}),frozenset({'HOT WATER BOTTLE'}),0.0556,0.0546,0.0472,0.8489208633093526,15.548001159511951,1.0,0.04416424,6.257647619047622,0.9907698547728269,0.7492063492063492,0.840195539781418,0.8566948638891085
34,frozenset({'HOT WATER BOTTLE'}),frozenset({'HEART HOT WATER'}),0.0546,0.0524,0.0444,0.8131868131868132,15.518832312725442,1.0,0.04153896,5.0724470588235295,0.9895939942481089,0.7092651757188497,0.802856493443239,0.8302575287308112
35,frozenset({'HEART HOT WATER'}),frozenset({'HOT WATER BOTTLE'}),0.0524,0.0546,0.0444,0.8473282442748091,15.518832312725442,1.0,0.04153896,6.192369999999999,0.9872964986937126,0.7092651757188497,0.8385109416911457,0.8302575287308112
36,frozenset({'JUMBO BAG OWLS'}),frozenset({'JUMBO BAG BAROQUE'}),0.0468,0.05,0.0386,0.8247863247863249,16.495726495726498,1.0,0.03626,5.421951219512197,0.9854996205853639,0.6632302405498283,0.8155645524066577,0.7983931623931624
37,frozenset({'JUMBO BAG BAROQUE'}),frozenset({'JUMBO BAG OWLS'}),0.05,0.0468,0.0386,0.772,16.495726495726494,1.0,0.03626,4.180701754385965,0.9888191982547041,0.6632302405498283,0.760805707091901,0.7983931623931624
38,frozenset({'JUMBO BAG RED'}),frozenset({'JUMBO BAG BAROQUE'}),0.0508,0.05,0.0416,0.8188976377952756,16.37795275590551,1.0,0.03906,5.245652173913043,0.9891933287950986,0.7027027027027026,0.8093659345213428,0.8254488188976378
39,frozenset({'JUMBO BAG BAROQUE'}),frozenset({'JUMBO BAG RED'}),0.05,0.0508,0.0416,0.832,16.37795275590551,1.0,0.03906,5.649999999999999,0.9883603238866396,0.7027027027027026,0.8230088495575221,0.8254488188976378
40,frozenset({'JUMBO SHOPPER'}),frozenset({'JUMBO BAG BAROQUE'}),0.051,0.05,0.0422,0.8274509803921569,16.54901960784314,1.0,0.039650000000000005,5.50568181818182,0.9900668700902422,0.7176870748299319,0.8183694530443757,0.8357254901960784
41,frozenset({'JUMBO BAG BAROQUE'}),frozenset({'JUMBO SHOPPER'}),0.05,0.051,0.0422,0.844,16.54901960784314,1.0,0.039650000000000005,6.083333333333332,0.9890246944375157,0.7176870748299319,0.8356164383561644,0.8357254901960784
42,frozenset({'JUMBO BAG RED'}),frozenset({'JUMBO BAG OWLS'}),0.0508,0.0468,0.0392,0.7716535433070866,16.48832357493775,1.0,0.03682256,4.174358620689655,0.9896239153056924,0.6712328767123288,0.7604422401459154,0.804630190456962
43,frozenset({'JUMBO BAG OWLS'}),frozenset({'JUMBO BAG RED'}),0.0468,0.0508,0.0392,0.8376068376068375,16.48832357493775,1.0,0.03682256,5.845073684210523,0.9854710663115435,0.6712328767123288,0.8289157581192979,0.804630190456962
44,frozenset({'JUMBO SHOPPER'}),frozenset({'JUMBO BAG OWLS'}),0.051,0.0468,0.0398,0.7803921568627452,16.675046086810795,1.0,0.0374132,4.3404642857142886,0.9905481040608735,0.6862068965517242,0.7696099001917176,0.8154097536450478
45,frozenset({'JUMBO BAG OWLS'}),frozenset({'JUMBO SHOPPER'}),0.0468,0.051,0.0398,0.8504273504273504,16.675046086810795,1.0,0.0374132,6.3447428571428555,0.9861835404466731,0.6862068965517242,0.842389199607324,0.8154097536450478
46,frozenset({'JUMBO SHOPPER'}),frozenset({'JUMBO BAG RED'}),0.051,0.0508,0.0428,0.8392156862745098,16.519993824301373,1.0,0.0402092,5.903560975609757,0.9899549944358548,0.7254237288135592,0.8306107103608406,0.8408676856569399
47,frozenset({'JUMBO BAG RED'}),frozenset({'JUMBO SHOPPER'}),0.0508,0.051,0.0428,0.84251968503937,16.519993824301373,1.0,0.0402092,6.026149999999998,0.9897464072056745,0.7254237288135592,0.8340565701152477,0.8408676856569399
48,frozenset({'LUNCH BOX WRAP'}),frozenset({'LUNCH BAG'}),0.0578,0.0558,0.0484,0.8373702422145329,15.006635165134998,1.0,0.04517476,5.805825531914896,0.9906206855416635,0.7423312883435582,0.8277592059039748,0.8523768773796678
49,frozenset({'LUNCH BAG'}),frozenset({'LUNCH BOX WRAP'}),0.0558,0.0578,0.0484,0.8673835125448028,15.006635165134998,1.0,0.04517476,7.104697297297296,0.9885223574638375,0.7423312883435582,0.8592480498246687,0.8523768773796678
50,frozenset({'WATER BOTTLE'}),frozenset({'LUNCH BAG'}),0.0554,0.0558,0.0482,0.8700361010830325,15.592044822276568,1.0,0.04510868,7.265094444444447,0.9907524140275845,0.765079365079365,0.8623555402277404,0.8669176921185772
51,frozenset({'LUNCH BAG'}),frozenset({'WATER BOTTLE'}),0.0558,0.0554,0.0482,0.8637992831541218,15.592044822276568,1.0,0.04510868,6.935352631578944,0.9911721354484817,0.765079365079365,0.8558112250202433,0.8669176921185772
52,frozenset({'WATER BOTTLE'}),frozenset({'LUNCH BOX WRAP'}),0.0554,0.0578,0.0484,0.8736462093862816,15.114986321561966,1.0,0.045197879999999996,7.456839999999999,0.9886094599489398,0.7469135802469136,0.8658949367292311,0.8555082258004072
53,frozenset({'LUNCH BOX WRAP'}),frozenset({'WATER BOTTLE'}),0.0578,0.0554,0.0484,0.8373702422145329,15.114986321561966,1.0,0.045197879999999996,5.808285106382981,0.9911276755123843,0.7469135802469136,0.8278321429330223,0.8555082258004072
54,frozenset({'MUG WARMER PINK'}),frozenset({'MUG WARMER POLKADOT'}),0.0556,0.0522,0.0446,0.802158273381295,15.367016731442432,1.0,0.04169768,4.790698181818182,0.989967768464757,0.7056962025316456,0.7912621580304864,0.8282822018247471
55,frozenset({'MUG WARMER POLKADOT'}),frozenset({'MUG WARMER PINK'}),0.0522,0.0556,0.0446,0.8544061302681992,15.367016731442433,1.0,0.04169768,6.486536842105263,0.9864165019393508,0.7056962025316456,0.8458345301442177,0.8282822018247471
56,frozenset({'MUG WARMER PINK'}),frozenset({'OFFICE MUG'}),0.0556,0.0548,0.0472,0.8489208633093526,15.49125662973271,1.0,0.04415312,6.256323809523812,0.9905203913883085,0.7468354430379746,0.8401617258880159,0.8551173659612457
57,frozenset({'OFFICE MUG'}),frozenset({'MUG WARMER PINK'}),0.0548,0.0556,0.0472,0.8613138686131386,15.49125662973271,1.0,0.04415312,6.809621052631576,0.9896820330375777,0.7468354430379746,0.8531489502468643,0.8551173659612457
58,frozenset({'OFFICE MUG'}),frozenset({'MUG WARMER POLKADOT'}),0.0548,0.0522,0.0442,0.8065693430656935,15.451519982101408,1.0,0.041339440000000005,4.899947169811322,0.9895063986074915,0.7038216560509554,0.7959161669821624,0.8266563190424253
59,frozenset({'MUG WARMER POLKADOT'}),frozenset({'OFFICE MUG'}),0.0522,0.0548,0.0442,0.8467432950191571,15.451519982101408,1.0,0.041339440000000005,6.167430000000002,0.9867919898330882,0.7038216560509554,0.8378579083994468,0.8266563190424253
60,frozenset({'PURSE BABUSHKA PINK'}),frozenset({'RED BABUSHKA'}),0.0504,0.0514,0.0422,0.8373015873015873,16.289914149836328,1.0,0.03960944,5.830419512195123,0.9884291515110378,0.7080536912751678,0.8284857551144711,0.8291566302266691
61,frozenset({'RED BABUSHKA'}),frozenset({'PURSE BABUSHKA PINK'}),0.0514,0.0504,0.0422,0.8210116731517509,16.289914149836328,1.0,0.03960944,5.305373913043478,0.9894711388097001,0.7080536912751678,0.8115118714740427,0.8291566302266691
62,frozenset({'YELLOW BABUSHKA'}),frozenset({'PURSE BABUSHKA PINK'}),0.051,0.0504,0.0418,0.8196078431372549,16.26206037970744,1.0,0.039229599999999996,5.264086956521738,0.9889432845453033,0.7013422818791947,0.8100335332110941,0.8244864612511671
63,frozenset({'PURSE BABUSHKA PINK'}),frozenset({'YELLOW BABUSHKA'}),0.0504,0.051,0.0418,0.8293650793650793,16.26206037970744,1.0,0.039229599999999996,5.561581395348835,0.988318425688177,0.7013422818791947,0.8201950256744777,0.8244864612511671
64,frozenset({'PURSE BABUSHKA PINK'}),frozenset({'YELLOW BABUSHKA NOTEBOOK'}),0.0504,0.0518,0.0428,0.8492063492063492,16.393944965373535,1.0,0.04018928,6.288063157894737,0.9888393735876986,0.7205387205387205,0.840968518462718,0.8377305877305877
65,frozenset({'YELLOW BABUSHKA NOTEBOOK'}),frozenset({'PURSE BABUSHKA PINK'}),0.0518,0.0504,0.0428,0.8262548262548263,16.39394496537354,1.0,0.04018928,5.465475555555556,0.9902993768813315,0.7205387205387205,0.817033304817635,0.8377305877305877
66,frozenset({'YELLOW BABUSHKA'}),frozenset({'RED BABUSHKA'}),0.051,0.0514,0.0428,0.8392156862745098,16.32715342946517,1.0,0.040178599999999995,5.899829268292684,0.9892016190185438,0.7181208053691276,0.8305035697601832,0.8359502555886167
67,frozenset({'RED BABUSHKA'}),frozenset({'YELLOW BABUSHKA'}),0.0514,0.051,0.0428,0.8326848249027237,16.32715342946517,1.0,0.040178599999999995,5.671930232558137,0.989618739667508,0.7181208053691276,0.8236931769259469,0.8359502555886167
68,frozenset({'RED BABUSHKA'}),frozenset({'YELLOW BABUSHKA NOTEBOOK'}),0.0514,0.0518,0.0438,0.8521400778210116,16.45058065291528,1.0,0.04113748,6.412826315789473,0.9901031753596022,0.7373737373737373,0.8440625161579959,0.8488499616904286
69,frozenset({'YELLOW BABUSHKA NOTEBOOK'}),frozenset({'RED BABUSHKA'}),0.0518,0.0514,0.0438,0.8455598455598455,16.45058065291528,1.0,0.04113748,6.142184999999999,0.9905208522949996,0.7373737373737373,0.8371914880453779,0.8488499616904286
70,frozenset({'YELLOW BABUSHKA'}),frozenset({'YELLOW BABUSHKA NOTEBOOK'}),0.051,0.0518,0.0434,0.8509803921568628,16.428192898781138,1.0,0.0407582,6.362921052631583,0.9895985587545465,0.7306397306397306,0.8428394770690391,0.8444091149973503
71,frozenset({'YELLOW BABUSHKA NOTEBOOK'}),frozenset({'YELLOW BABUSHKA'}),0.0518,0.051,0.0434,0.8378378378378378,16.428192898781134,1.0,0.0407582,5.852166666666666,0.9904334868783637,0.7306397306397306,0.8291231167943497,0.8444091149973503
72,"frozenset({'LUNCH BOX WRAP', 'LUNCH BAG'})",frozenset({'ALPHABET LUNCH'}),0.0484,0.0546,0.0398,0.8223140495867769,15.060696878878696,1.0,0.03715736,5.320623255813954,0.981086601566048,0.629746835443038,0.812052093914509,0.775625889262253
73,"frozenset({'LUNCH BOX WRAP', 'ALPHABET LUNCH'})",frozenset({'LUNCH BAG'}),0.0462,0.0558,0.0398,0.8614718614718615,15.4385638256606,1.0,0.037222040000000005,6.8159437500000015,0.98052750647766,0.6398713826366559,0.8532851741917619,0.7873667551086906
74,"frozenset({'LUNCH BAG', 'ALPHABET LUNCH'})",frozenset({'LUNCH BOX WRAP'}),0.046,0.0578,0.0398,0.8652173913043479,14.969159019106366,1.0,0.0371412,6.990516129032264,0.9781928510476913,0.6218750000000001,0.8569490461731564,0.7768993530916204
75,frozenset({'LUNCH BOX WRAP'}),"frozenset({'LUNCH BAG', 'ALPHABET LUNCH'})",0.0578,0.046,0.0398,0.6885813148788928,14.969159019106366,1.0,0.0371412,3.063400000000001,0.9904436212051554,0.6218750000000001,0.6735653195795522,0.7768993530916204
76,frozenset({'LUNCH BAG'}),"frozenset({'LUNCH BOX WRAP', 'ALPHABET LUNCH'})",0.0558,0.0462,0.0398,0.7132616487455197,15.4385638256606,1.0,0.037222040000000005,3.3263774999999995,0.9904968604939548,0.6398713826366559,0.6993726659105889,0.7873667551086906
77,frozenset({'ALPHABET LUNCH'}),"frozenset({'LUNCH BOX WRAP', 'LUNCH BAG'})",0.0546,0.0484,0.0398,0.7289377289377289,15.060696878878696,1.0,0.03715736,3.510632432432432,0.9875206368206593,0.629746835443038,0.7151510392367895,0.775625889262253
78,"frozenset({'WATER BOTTLE', 'LUNCH BAG'})",frozenset({'ALPHABET LUNCH'}),0.0482,0.0546,0.0396,0.8215767634854773,15.047193470429985,1.0,0.036968280000000006,5.298637209302328,0.9808178443395927,0.6265822784810127,0.8112722270842789,0.7734257443801013
79,"frozenset({'WATER BOTTLE', 'ALPHABET LUNCH'})",frozenset({'LUNCH BAG'}),0.046,0.0558,0.0396,0.8608695652173914,15.427769985974756,1.0,0.0370332,6.786437500000007,0.9802744425385934,0.6366559485530547,0.8526472836447696,0.7852734922861151
80,"frozenset({'LUNCH BAG', 'ALPHABET LUNCH'})",frozenset({'WATER BOTTLE'}),0.046,0.0554,0.0396,0.8608695652173914,15.539161827028726,1.0,0.037051600000000004,6.7893125000000065,0.9807614933401098,0.6407766990291264,0.852709681576743,0.7878355046303565
81,frozenset({'WATER BOTTLE'}),"frozenset({'LUNCH BAG', 'ALPHABET LUNCH'})",0.0554,0.046,0.0396,0.7148014440433214,15.539161827028725,1.0,0.037051600000000004,3.345037974683545,0.9905213472861155,0.6407766990291264,0.7010497317015947,0.7878355046303565
82,frozenset({'LUNCH BAG'}),"frozenset({'WATER BOTTLE', 'ALPHABET LUNCH'})",0.0558,0.046,0.0396,0.7096774193548387,15.427769985974756,1.0,0.0370332,3.2860000000000005,0.9904488648398836,0.6366559485530547,0.6956786366402922,0.7852734922861151
83,frozenset({'ALPHABET LUNCH'}),"frozenset({'WATER BOTTLE', 'LUNCH BAG'})",0.0546,0.0482,0.0396,0.7252747252747253,15.047193470429985,1.0,0.036968280000000006,3.464552,0.9874576097338948,0.6265822784810127,0.7113623925979462,0.7734257443801013
84,"frozenset({'WATER BOTTLE', 'LUNCH BOX WRAP'})",frozenset({'ALPHABET LUNCH'}),0.0484,0.0546,0.0398,0.8223140495867769,15.060696878878696,1.0,0.03715736,5.320623255813954,0.981086601566048,0.629746835443038,0.812052093914509,0.775625889262253
85,"frozenset({'WATER BOTTLE', 'ALPHABET LUNCH'})",frozenset({'LUNCH BOX WRAP'}),0.046,0.0578,0.0398,0.8652173913043479,14.969159019106366,1.0,0.0371412,6.990516129032264,0.9781928510476913,0.6218750000000001,0.8569490461731564,0.7768993530916204
86,"frozenset({'LUNCH BOX WRAP', 'ALPHABET LUNCH'})",frozenset({'WATER BOTTLE'}),0.0462,0.0554,0.0398,0.8614718614718615,15.550033600575118,1.0,0.03724052,6.8188312500000015,0.9810143188157183,0.6440129449838189,0.8533473020028176,0.7899417069092161
87,frozenset({'WATER BOTTLE'}),"frozenset({'LUNCH BOX WRAP', 'ALPHABET LUNCH'})",0.0554,0.0462,0.0398,0.7184115523465705,15.55003360057512,1.0,0.03724052,3.3872128205128216,0.9905689787067882,0.6440129449838189,0.7047720196546137,0.7899417069092161
88,frozenset({'LUNCH BOX WRAP'}),"frozenset({'WATER BOTTLE', 'ALPHABET LUNCH'})",0.0578,0.046,0.0398,0.6885813148788928,14.969159019106366,1.0,0.0371412,3.063400000000001,0.9904436212051554,0.6218750000000001,0.6735653195795522,0.7768993530916204
89,frozenset({'ALPHABET LUNCH'}),"frozenset({'WATER BOTTLE', 'LUNCH BOX WRAP'})",0.0546,0.0484,0.0398,0.7289377289377289,15.060696878878696,1.0,0.03715736,3.510632432432432,0.9875206368206593,0.629746835443038,0.7151510392367895,0.775625889262253
90,"frozenset({'HEART HOT WATER', 'CALM HOT WATER'})",frozenset({'GREY HEART HOT'}),0.0446,0.0556,0.0384,0.8609865470852017,15.485369551892118,1.0,0.03592024,6.79358709677419,0.9790903461028541,0.6213592233009708,0.8528023582011878,0.7758170145497951
91,"frozenset({'HEART HOT WATER', 'GREY HEART HOT'})",frozenset({'CALM HOT WATER'}),0.0448,0.0566,0.0384,0.8571428571428571,15.143866733972741,1.0,0.03586432,6.603799999999998,0.9777707984366275,0.6095238095238095,0.8485720342832914,0.767794043412418
92,"frozenset({'CALM HOT WATER', 'GREY HEART HOT'})",frozenset({'HEART HOT WATER'}),0.0476,0.0524,0.0384,0.8067226890756302,15.39547116556546,1.0,0.035905759999999995,4.902799999999997,0.9817784894302113,0.6233766233766233,0.7960349188218976,0.769773558278273
93,frozenset({'HEART HOT WATER'}),"frozenset({'CALM HOT WATER', 'GREY HEART HOT'})",0.0524,0.0476,0.0384,0.7328244274809159,15.395471165565459,1.0,0.035905759999999995,3.5646971428571415,0.9867516181229773,0.6233766233766233,0.7194712594297731,0.769773558278273
94,frozenset({'CALM HOT WATER'}),"frozenset({'HEART HOT WATER', 'GREY HEART HOT'})",0.0566,0.0448,0.0384,0.6784452296819787,15.14386673397274,1.0,0.03586432,2.9705670329670326,0.99000070666384,0.6095238095238095,0.6633639339216696,0.767794043412418
95,frozenset({'GREY HEART HOT'}),"frozenset({'HEART HOT WATER', 'CALM HOT WATER'})",0.0556,0.0446,0.0384,0.6906474820143885,15.48536955189212,1.0,0.03592024,3.088386046511628,0.990494405619088,0.6213592233009708,0.6762062822005322,0.7758170145497951
96,"frozenset({'HOT WATER BOTTLE', 'CALM HOT WATER'})",frozenset({'GREY HEART HOT'}),0.047,0.0556,0.0408,0.8680851063829788,15.613041481708253,1.0,0.0381868,7.159161290322582,0.9821101578091886,0.6601941747572817,0.8603188335270847,0.8009490280116334
97,"frozenset({'HOT WATER BOTTLE', 'GREY HEART HOT'})",frozenset({'CALM HOT WATER'}),0.0472,0.0566,0.0408,0.864406779661017,15.272204587650478,1.0,0.038128480000000006,6.957575000000001,0.9808160879801123,0.6476190476190476,0.8562717613536326,0.7926274180990598
98,"frozenset({'CALM HOT WATER', 'GREY HEART HOT'})",frozenset({'HOT WATER BOTTLE'}),0.0476,0.0546,0.0408,0.8571428571428571,15.698587127158554,1.0,0.038201040000000006,6.617799999999998,0.9830953380932381,0.6644951140065146,0.8488923811538577,0.8021978021978022
99,frozenset({'HOT WATER BOTTLE'}),"frozenset({'CALM HOT WATER', 'GREY HEART HOT'})",0.0546,0.0476,0.0408,0.7472527472527473,15.698587127158556,1.0,0.038201040000000006,3.7681913043478263,0.9903744446795009,0.6644951140065146,0.7346206922015406,0.8021978021978022
100,frozenset({'CALM HOT WATER'}),"frozenset({'HOT WATER BOTTLE', 'GREY HEART HOT'})",0.0566,0.0472,0.0408,0.7208480565371026,15.27220458765048,1.0,0.038128480000000006,3.4131949367088623,0.9905889003894965,0.6476190476190476,0.7070193708407878,0.7926274180990598
101,frozenset({'GREY HEART HOT'}),"frozenset({'HOT WATER BOTTLE', 'CALM HOT WATER'})",0.0556,0.047,0.0408,0.7338129496402879,15.613041481708253,1.0,0.0381868,3.5801891891891904,0.9910535582297296,0.6601941747572817,0.7206851517736493,0.8009490280116334
102,"frozenset({'HOT WATER BOTTLE', 'HEART HOT WATER'})",frozenset({'CALM HOT WATER'}),0.0444,0.0566,0.038,0.8558558558558558,15.121128195333142,1.0,0.03548696,6.544837499999996,0.9772576061333744,0.6031746031746031,0.8472078183759336,0.7636169738643237
103,"frozenset({'HOT WATER BOTTLE', 'CALM HOT WATER'})",frozenset({'HEART HOT WATER'}),0.047,0.0524,0.038,0.8085106382978723,15.42959233392886,1.0,0.0355372,4.948577777777777,0.9813110951565693,0.6188925081433224,0.7979217373341835,0.7668507389962644
104,"frozenset({'HEART HOT WATER', 'CALM HOT WATER'})",frozenset({'HOT WATER BOTTLE'}),0.0446,0.0546,0.038,0.852017937219731,15.604724124903496,1.0,0.03556484,6.388612121212122,0.979607328977667,0.6209150326797385,0.8434714800293325,0.7739943165952134
105,frozenset({'HOT WATER BOTTLE'}),"frozenset({'HEART HOT WATER', 'CALM HOT WATER'})",0.0546,0.0446,0.038,0.6959706959706959,15.604724124903496,1.0,0.03556484,3.1424602409638553,0.9899691581396903,0.6209150326797385,0.6817779945265815,0.7739943165952134
106,frozenset({'HEART HOT WATER'}),"frozenset({'HOT WATER BOTTLE', 'CALM HOT WATER'})",0.0524,0.047,0.038,0.7251908396946565,15.429592333928861,1.0,0.0355372,3.4678611111111106,0.986903201439648,0.6188925081433224,0.7116378170982754,0.7668507389962644
107,frozenset({'CALM HOT WATER'}),"frozenset({'HOT WATER BOTTLE', 'HEART HOT WATER'})",0.0566,0.0444,0.038,0.6713780918727915,15.121128195333142,1.0,0.03548696,2.9079010752688172,0.989895450944512,0.6031746031746031,0.656109346873997,0.7636169738643237
108,"frozenset({'COFFEE MUG', 'MUG WARMER PINK'})",frozenset({'MUG WARMER POLKADOT'}),0.0474,0.0522,0.0384,0.810126582278481,15.519666327173965,1.0,0.035925719999999994,4.991746666666666,0.9821180191056057,0.6274509803921569,0.7996693208255761,0.7728793830932634
109,"frozenset({'COFFEE MUG', 'MUG WARMER POLKADOT'})",frozenset({'MUG WARMER PINK'}),0.0444,0.0556,0.0384,0.8648648648648648,15.555123468792534,1.0,0.035931359999999996,6.988559999999997,0.9791884679782334,0.6233766233766233,0.8569090055748251,0.7777561734396267
110,"frozenset({'MUG WARMER PINK', 'MUG WARMER POLKADOT'})",frozenset({'COFFEE MUG'}),0.0446,0.0554,0.0384,0.8609865470852017,15.541273413090284,1.0,0.035929159999999995,6.795025806451609,0.9793334816132858,0.6233766233766233,0.8528335243332645,0.7770636706545142
111,frozenset({'COFFEE MUG'}),"frozenset({'MUG WARMER PINK', 'MUG WARMER POLKADOT'})",0.0554,0.0446,0.0384,0.6931407942238267,15.541273413090284,1.0,0.035929159999999995,3.1134799999999996,0.9905306037829064,0.6233766233766233,0.6788159872554184,0.7770636706545142
112,frozenset({'MUG WARMER PINK'}),"frozenset({'COFFEE MUG', 'MUG WARMER POLKADOT'})",0.0556,0.0444,0.0384,0.6906474820143885,15.555123468792534,1.0,0.035931359999999996,3.0890325581395355,0.9908010376958915,0.6233766233766233,0.6762740498266937,0.7777561734396267
113,frozenset({'MUG WARMER POLKADOT'}),"frozenset({'COFFEE MUG', 'MUG WARMER PINK'})",0.0522,0.0474,0.0384,0.7356321839080459,15.519666327173963,1.0,0.035925719999999994,3.603313043478259,0.9870918178940705,0.6274509803921569,0.7224776232501007,0.7728793830932634
114,"frozenset({'COFFEE MUG', 'MUG WARMER PINK'})",frozenset({'OFFICE MUG'}),0.0474,0.0548,0.041,0.8649789029535866,15.78428655024793,1.0,0.03840248,7.000387500000005,0.9832519983818355,0.6699346405228759,0.8571507648683735,0.8065770427176693
115,"frozenset({'COFFEE MUG', 'OFFICE MUG'})",frozenset({'MUG WARMER PINK'}),0.047,0.0556,0.041,0.8723404255319149,15.68957599877545,1.0,0.0383868,7.397800000000002,0.9824380006654212,0.6655844155844156,0.8648246776068561,0.8048752487371805
116,"frozenset({'MUG WARMER PINK', 'OFFICE MUG'})",frozenset({'COFFEE MUG'}),0.0472,0.0554,0.041,0.8686440677966102,15.679495808603072,1.0,0.03838512,7.191148387096775,0.9826012164403759,0.6655844155844156,0.8609401522301611,0.8043581349813376
117,frozenset({'COFFEE MUG'}),"frozenset({'MUG WARMER PINK', 'OFFICE MUG'})",0.0554,0.0472,0.041,0.7400722021660651,15.679495808603074,1.0,0.03838512,3.6656333333333344,0.9911311020796001,0.6655844155844156,0.7271958461020834,0.8043581349813376
118,frozenset({'MUG WARMER PINK'}),"frozenset({'COFFEE MUG', 'OFFICE MUG'})",0.0556,0.047,0.041,0.7374100719424461,15.68957599877545,1.0,0.0383868,3.62923287671233,0.9913843865249325,0.6655844155844156,0.7244596767496811,0.8048752487371805
119,frozenset({'OFFICE MUG'}),"frozenset({'COFFEE MUG', 'MUG WARMER PINK'})",0.0548,0.0474,0.041,0.7481751824817519,15.78428655024793,1.0,0.03840248,3.7827884057971017,0.9909499086527048,0.6699346405228759,0.7356447433148771,0.8065770427176693
120,"frozenset({'COFFEE MUG', 'OFFICE MUG'})",frozenset({'MUG WARMER POLKADOT'}),0.047,0.0522,0.038,0.8085106382978723,15.48870954593625,1.0,0.0355466,4.949622222222221,0.9815706632793948,0.6209150326797385,0.7979643788751554,0.7682399934784381
121,"frozenset({'COFFEE MUG', 'MUG WARMER POLKADOT'})",frozenset({'OFFICE MUG'}),0.0444,0.0548,0.038,0.8558558558558558,15.617807588610507,1.0,0.03556688,6.557324999999997,0.979458482959177,0.6209150326797385,0.8474987895216417,0.7746432563950811
122,"frozenset({'OFFICE MUG', 'MUG WARMER POLKADOT'})",frozenset({'COFFEE MUG'}),0.0442,0.0554,0.038,0.8597285067873303,15.518565104464447,1.0,0.03555132,6.734083870967739,0.9788251230713318,0.6168831168831169,0.8515017010240634,0.7728245422023294
123,frozenset({'COFFEE MUG'}),"frozenset({'OFFICE MUG', 'MUG WARMER POLKADOT'})",0.0554,0.0442,0.038,0.6859205776173285,15.518565104464445,1.0,0.03555132,3.0431793103448275,0.9904309259279895,0.6168831168831169,0.6713962938034406,0.7728245422023294
124,frozenset({'OFFICE MUG'}),"frozenset({'COFFEE MUG', 'MUG WARMER POLKADOT'})",0.0548,0.0444,0.038,0.6934306569343065,15.617807588610505,1.0,0.03556688,3.11707619047619,0.9902354277568658,0.6209150326797385,0.6791865392782613,0.7746432563950811
125,frozenset({'MUG WARMER POLKADOT'}),"frozenset({'COFFEE MUG', 'OFFICE MUG'})",0.0522,0.047,0.038,0.7279693486590038,15.488709545936251,1.0,0.0355466,3.503281690140844,0.9869559422929555,0.6209150326797385,0.7145533564102873,0.7682399934784381
126,"frozenset({'DRAWING SLATE BUNNIES', 'DRAWING SLATE'})",frozenset({'DRAWING SLATE DINOSAUR'}),0.0456,0.0544,0.0388,0.8508771929824561,15.641124871001033,1.0,0.03631936,6.341082352941176,0.9807900035430043,0.6339869281045751,0.8422982159289933,0.7820562435500515
127,"frozenset({'DRAWING SLATE BUNNIES', 'DRAWING SLATE DINOSAUR'})",frozenset({'DRAWING SLATE'}),0.0444,0.0544,0.0388,0.8738738738738738,16.063857975622682,1.0,0.03638464,7.497257142857141,0.9813190180077934,0.6466666666666667,0.8666178869224554,0.7935545839957605
128,"frozenset({'DRAWING SLATE', 'DRAWING SLATE DINOSAUR'})",frozenset({'DRAWING SLATE BUNNIES'}),0.0462,0.0528,0.0388,0.8398268398268399,15.905811360356816,1.0,0.03636064,5.913600000000004,0.9825224333269201,0.6445182724252492,0.8308982683982685,0.7873376623376624
129,frozenset({'DRAWING SLATE BUNNIES'}),"frozenset({'DRAWING SLATE', 'DRAWING SLATE DINOSAUR'})",0.0528,0.0462,0.0388,0.7348484848484849,15.905811360356816,1.0,0.03636064,3.5971885714285716,0.9893685567010309,0.6445182724252492,0.7220051214599338,0.7873376623376624
130,frozenset({'DRAWING SLATE'}),"frozenset({'DRAWING SLATE BUNNIES', 'DRAWING SLATE DINOSAUR'})",0.0544,0.0444,0.0388,0.7132352941176471,16.063857975622682,1.0,0.03638464,3.3323487179487183,0.9916967571999233,0.6466666666666667,0.6999113584320292,0.7935545839957605
131,frozenset({'DRAWING SLATE DINOSAUR'}),"frozenset({'DRAWING SLATE BUNNIES', 'DRAWING SLATE'})",0.0544,0.0456,0.0388,0.7132352941176471,15.641124871001033,1.0,0.03631936,3.3281641025641027,0.9899174908856212,0.6339869281045751,0.6995340466446428,0.7820562435500515
132,"frozenset({'DRAWING SLATE BUNNIES', 'DRAWING SLATE'})",frozenset({'MAGIC DRAWING SLATE'}),0.0456,0.0532,0.0384,0.8421052631578946,15.829046299960424,1.0,0.03597408,5.996399999999994,0.9815852891869237,0.6357615894039734,0.8332332732973116,0.7819548872180451
133,"frozenset({'DRAWING SLATE BUNNIES', 'MAGIC DRAWING SLATE'})",frozenset({'DRAWING SLATE'}),0.0442,0.0544,0.0384,0.8687782805429863,15.970188980569603,1.0,0.035995519999999996,7.206124137931029,0.9807316732928786,0.6378737541528239,0.8612291460902985,0.7873303167420813
134,"frozenset({'DRAWING SLATE', 'MAGIC DRAWING SLATE'})",frozenset({'DRAWING SLATE BUNNIES'}),0.0456,0.0528,0.0384,0.8421052631578946,15.948963317384367,1.0,0.035992319999999994,5.998933333333327,0.9820829840737635,0.6399999999999999,0.8333036984352772,0.7846889952153109
135,frozenset({'DRAWING SLATE BUNNIES'}),"frozenset({'DRAWING SLATE', 'MAGIC DRAWING SLATE'})",0.0528,0.0456,0.0384,0.7272727272727272,15.948963317384367,1.0,0.035992319999999994,3.4994666666666654,0.9895481418918918,0.6399999999999999,0.7142421702354643,0.7846889952153109
136,frozenset({'DRAWING SLATE'}),"frozenset({'DRAWING SLATE BUNNIES', 'MAGIC DRAWING SLATE'})",0.0544,0.0442,0.0384,0.7058823529411764,15.970188980569601,1.0,0.035995519999999996,3.249719999999999,0.9913106316976875,0.6378737541528239,0.6922811811479143,0.7873303167420813
137,frozenset({'MAGIC DRAWING SLATE'}),"frozenset({'DRAWING SLATE BUNNIES', 'DRAWING SLATE'})",0.0532,0.0456,0.0384,0.7218045112781954,15.829046299960426,1.0,0.03597408,3.430681081081081,0.9894645120405579,0.6357615894039734,0.7085126899394336,0.7819548872180451
138,"frozenset({'DRAWING SLATE', 'DRAWING SLATE DINOSAUR'})",frozenset({'MAGIC DRAWING SLATE'}),0.0462,0.0532,0.0388,0.8398268398268399,15.786218793737593,1.0,0.03634216,5.911102702702706,0.9820230742791178,0.6402640264026405,0.8308268270245458,0.7845750740487583
139,"frozenset({'DRAWING SLATE', 'MAGIC DRAWING SLATE'})",frozenset({'DRAWING SLATE DINOSAUR'}),0.0456,0.0544,0.0388,0.8508771929824561,15.641124871001033,1.0,0.03631936,6.341082352941176,0.9807900035430043,0.6339869281045751,0.8422982159289933,0.7820562435500515
140,"frozenset({'DRAWING SLATE DINOSAUR', 'MAGIC DRAWING SLATE'})",frozenset({'DRAWING SLATE'}),0.0444,0.0544,0.0388,0.8738738738738738,16.063857975622682,1.0,0.03638464,7.497257142857141,0.9813190180077934,0.6466666666666667,0.8666178869224554,0.7935545839957605
141,frozenset({'DRAWING SLATE'}),"frozenset({'DRAWING SLATE DINOSAUR', 'MAGIC DRAWING SLATE'})",0.0544,0.0444,0.0388,0.7132352941176471,16.063857975622682,1.0,0.03638464,3.3323487179487183,0.9916967571999233,0.6466666666666667,0.6999113584320292,0.7935545839957605
142,frozenset({'DRAWING SLATE DINOSAUR'}),"frozenset({'DRAWING SLATE', 'MAGIC DRAWING SLATE'})",0.0544,0.0456,0.0388,0.7132352941176471,15.641124871001033,1.0,0.03631936,3.3281641025641027,0.9899174908856212,0.6339869281045751,0.6995340466446428,0.7820562435500515
143,frozenset({'MAGIC DRAWING SLATE'}),"frozenset({'DRAWING SLATE', 'DRAWING SLATE DINOSAUR'})",0.0532,0.0462,0.0388,0.7293233082706767,15.786218793737591,1.0,0.03634216,3.5237611111111113,0.9892834899106703,0.6402640264026405,0.7162123173313868,0.7845750740487583
144,"frozenset({'DRAWING SLATE BUNNIES', 'DRAWING SLATE DINOSAUR'})",frozenset({'MAGIC DRAWING SLATE'}),0.0444,0.0532,0.0372,0.8378378378378377,15.748831538305222,1.0,0.034837919999999994,5.838599999999995,0.9800159332424149,0.6158940397350994,0.8287260644675092,0.7685429790692948
145,"frozenset({'DRAWING SLATE BUNNIES', 'MAGIC DRAWING SLATE'})",frozenset({'DRAWING SLATE DINOSAUR'}),0.0442,0.0544,0.0372,0.841628959276018,15.471120574926802,1.0,0.034795519999999996,5.970788571428567,0.9786183729443555,0.6058631921824104,0.8325179349365672,0.7627262443438914
146,"frozenset({'DRAWING SLATE DINOSAUR', 'MAGIC DRAWING SLATE'})",frozenset({'DRAWING SLATE BUNNIES'}),0.0444,0.0528,0.0372,0.8378378378378377,15.868140868140866,1.0,0.03485568,5.841066666666663,0.9805155349113546,0.6199999999999998,0.8287983929875821,0.7711916461916462
147,frozenset({'DRAWING SLATE BUNNIES'}),"frozenset({'DRAWING SLATE DINOSAUR', 'MAGIC DRAWING SLATE'})",0.0528,0.0444,0.0372,0.7045454545454545,15.868140868140866,1.0,0.03485568,3.234338461538461,0.9892109851787272,0.6199999999999998,0.6908177632329997,0.7711916461916462
148,frozenset({'DRAWING SLATE DINOSAUR'}),"frozenset({'DRAWING SLATE BUNNIES', 'MAGIC DRAWING SLATE'})",0.0544,0.0442,0.0372,0.6838235294117647,15.471120574926802,1.0,0.034795519999999996,3.022995348837209,0.9891745355966741,0.6058631921824104,0.6692022697340079,0.7627262443438914
149,frozenset({'MAGIC DRAWING SLATE'}),"frozenset({'DRAWING SLATE BUNNIES', 'DRAWING SLATE DINOSAUR'})",0.0532,0.0444,0.0372,0.6992481203007519,15.748831538305222,1.0,0.034837919999999994,3.1773700000000002,0.989124657590253,0.6158940397350994,0.6852742991845457,0.7685429790692948
150,"frozenset({'HOT WATER BOTTLE', 'HEART HOT WATER'})",frozenset({'GREY HEART HOT'}),0.0444,0.0556,0.0382,0.8603603603603602,15.474107200725904,1.0,0.03573136,6.763122580645155,0.9788362455319868,0.6181229773462782,0.8521393057606526,0.7737053600362952
151,"frozenset({'HOT WATER BOTTLE', 'GREY HEART HOT'})",frozenset({'HEART HOT WATER'}),0.0472,0.0524,0.0382,0.809322033898305,15.44507698279208,1.0,0.03572672,4.969635555555555,0.9815852752537574,0.6221498371335505,0.7987780011590386,0.7691648337430457
152,"frozenset({'HEART HOT WATER', 'GREY HEART HOT'})",frozenset({'HOT WATER BOTTLE'}),0.0448,0.0546,0.0382,0.8526785714285714,15.616823652537937,1.0,0.035753919999999995,6.417260606060605,0.9798644180764203,0.6241830065359476,0.8441702680649158,0.7761561355311355
153,frozenset({'HOT WATER BOTTLE'}),"frozenset({'HEART HOT WATER', 'GREY HEART HOT'})",0.0546,0.0448,0.0382,0.6996336996336996,15.616823652537937,1.0,0.035753919999999995,3.1801170731707313,0.990021675636341,0.6241830065359476,0.6855461679582282,0.7761561355311355
154,frozenset({'HEART HOT WATER'}),"frozenset({'HOT WATER BOTTLE', 'GREY HEART HOT'})",0.0524,0.0472,0.0382,0.7290076335877862,15.44507698279208,1.0,0.03572672,3.5159661971830976,0.9869717710656184,0.6221498371335505,0.7155831586773574,0.7691648337430457
155,frozenset({'GREY HEART HOT'}),"frozenset({'HOT WATER BOTTLE', 'HEART HOT WATER'})",0.0556,0.0444,0.0382,0.6870503597122302,15.474107200725904,1.0,0.03573136,3.053526436781609,0.9904446381092402,0.6181229773462782,0.6725097945921203,0.7737053600362952
156,"frozenset({'JUMBO BAG RED', 'JUMBO BAG OWLS'})",frozenset({'JUMBO BAG BAROQUE'}),0.0392,0.05,0.0322,0.8214285714285714,16.428571428571427,1.0,0.03024,5.3199999999999985,0.9774463309560874,0.5649122807017544,0.8120300751879699,0.7327142857142857
157,"frozenset({'JUMBO BAG OWLS', 'JUMBO BAG BAROQUE'})",frozenset({'JUMBO BAG RED'}),0.0386,0.0508,0.0322,0.8341968911917098,16.4211986455061,1.0,0.03023912,5.7248624999999995,0.9768078901498461,0.5629370629370628,0.8253233156254844,0.7340275794541227
158,"frozenset({'JUMBO BAG RED', 'JUMBO BAG BAROQUE'})",frozenset({'JUMBO BAG OWLS'}),0.0416,0.0468,0.0322,0.7740384615384616,16.539283366206444,1.0,0.030253119999999998,4.218417021276596,0.980319165482844,0.5729537366548042,0.7629442525581847,0.7310363247863247
159,frozenset({'JUMBO BAG OWLS'}),"frozenset({'JUMBO BAG RED', 'JUMBO BAG BAROQUE'})",0.0468,0.0416,0.0322,0.688034188034188,16.539283366206444,1.0,0.030253119999999998,3.072131506849315,0.9856671088950458,0.5729537366548042,0.6744931010373414,0.7310363247863247
160,frozenset({'JUMBO BAG RED'}),"frozenset({'JUMBO BAG OWLS', 'JUMBO BAG BAROQUE'})",0.0508,0.0386,0.0322,0.6338582677165354,16.4211986455061,1.0,0.03023912,2.6257591397849462,0.9893627323957671,0.5629370629370628,0.6191577571422253,0.7340275794541227
161,frozenset({'JUMBO BAG BAROQUE'}),"frozenset({'JUMBO BAG RED', 'JUMBO BAG OWLS'})",0.05,0.0392,0.0322,0.6439999999999999,16.428571428571427,1.0,0.03024,2.6988764044943814,0.988558352402746,0.5649122807017544,0.6294754371357202,0.7327142857142857
162,"frozenset({'JUMBO SHOPPER', 'JUMBO BAG OWLS'})",frozenset({'JUMBO BAG BAROQUE'}),0.0398,0.05,0.0328,0.8241206030150754,16.482412060301506,1.0,0.030810000000000004,5.401428571428571,0.9782641827668018,0.5754385964912281,0.8148637926474478,0.7400603015075378
163,"frozenset({'JUMBO SHOPPER', 'JUMBO BAG BAROQUE'})",frozenset({'JUMBO BAG OWLS'}),0.0422,0.0468,0.0328,0.7772511848341233,16.607931299874426,1.0,0.03082504,4.279259574468086,0.98119420012325,0.5836298932384343,0.7663147134222863,0.7390529428444121
164,"frozenset({'JUMBO BAG OWLS', 'JUMBO BAG BAROQUE'})",frozenset({'JUMBO SHOPPER'}),0.0386,0.051,0.0328,0.8497409326424871,16.661586914558573,1.0,0.030831400000000002,6.315758620689656,0.9777217675442823,0.5774647887323945,0.8416658931954553,0.746439093772224
165,frozenset({'JUMBO SHOPPER'}),"frozenset({'JUMBO BAG OWLS', 'JUMBO BAG BAROQUE'})",0.051,0.0386,0.0328,0.6431372549019608,16.66158691455857,1.0,0.030831400000000002,2.6940329670329675,0.990497057236115,0.5774647887323945,0.6288092936363229,0.746439093772224
166,frozenset({'JUMBO BAG OWLS'}),"frozenset({'JUMBO SHOPPER', 'JUMBO BAG BAROQUE'})",0.0468,0.0422,0.0328,0.7008547008547009,16.60793129987443,1.0,0.03082504,3.201788571428572,0.9859292959274536,0.5836298932384343,0.6876745676077479,0.7390529428444121
167,frozenset({'JUMBO BAG BAROQUE'}),"frozenset({'JUMBO SHOPPER', 'JUMBO BAG OWLS'})",0.05,0.0398,0.0328,0.656,16.482412060301506,1.0,0.030810000000000004,2.791279069767442,0.9887676508344032,0.5754385964912281,0.641741303895022,0.7400603015075378
168,"frozenset({'JUMBO SHOPPER', 'JUMBO BAG RED'})",frozenset({'JUMBO BAG BAROQUE'}),0.0428,0.05,0.0358,0.8364485981308412,16.72897196261682,1.0,0.033659999999999995,5.80857142857143,0.9822643791131954,0.6280701754385966,0.8278406296114117,0.7762242990654206
169,"frozenset({'JUMBO SHOPPER', 'JUMBO BAG BAROQUE'})",frozenset({'JUMBO BAG RED'}),0.0422,0.0508,0.0358,0.8483412322274881,16.699630555659216,1.0,0.03365624,6.2587874999999995,0.9815393983652014,0.6258741258741258,0.8402246441503246,0.7765328208381534
170,"frozenset({'JUMBO BAG RED', 'JUMBO BAG BAROQUE'})",frozenset({'JUMBO SHOPPER'}),0.0416,0.051,0.0358,0.8605769230769231,16.874057315233788,1.0,0.0336784,6.806620689655174,0.981570774381884,0.6302816901408451,0.8530842182053985,0.7812688536953243
171,frozenset({'JUMBO SHOPPER'}),"frozenset({'JUMBO BAG RED', 'JUMBO BAG BAROQUE'})",0.051,0.0416,0.0358,0.7019607843137255,16.874057315233788,1.0,0.0336784,3.2156842105263164,0.9912933932219155,0.6302816901408451,0.6890241906445383,0.7812688536953243
172,frozenset({'JUMBO BAG RED'}),"frozenset({'JUMBO SHOPPER', 'JUMBO BAG BAROQUE'})",0.0508,0.0422,0.0358,0.7047244094488189,16.699630555659216,1.0,0.03365624,3.243749333333333,0.9904324017637903,0.6258741258741258,0.6917147728636656,0.7765328208381534
173,frozenset({'JUMBO BAG BAROQUE'}),"frozenset({'JUMBO SHOPPER', 'JUMBO BAG RED'})",0.05,0.0428,0.0358,0.716,16.72897196261682,1.0,0.033659999999999995,3.3704225352112673,0.9897089091443693,0.6280701754385966,0.703301295445048,0.7762242990654206
174,"frozenset({'JUMBO SHOPPER', 'JUMBO BAG RED'})",frozenset({'JUMBO BAG OWLS'}),0.0428,0.0468,0.0334,0.780373831775701,16.674654525121817,1.0,0.03139696,4.340102127659575,0.9820609512275074,0.594306049822064,0.7695906753836561,0.7470245227254573
175,"frozenset({'JUMBO SHOPPER', 'JUMBO BAG OWLS'})",frozenset({'JUMBO BAG RED'}),0.0398,0.0508,0.0334,0.8391959798994975,16.519605903533414,1.0,0.03137816,5.9028374999999995,0.9784064447651252,0.5839160839160839,0.8305899493252186,0.7483381474300637
176,"frozenset({'JUMBO BAG RED', 'JUMBO BAG OWLS'})",frozenset({'JUMBO SHOPPER'}),0.0392,0.051,0.0334,0.8520408163265306,16.706682673069228,1.0,0.0314008,6.413931034482759,0.9785009498072964,0.5880281690140845,0.8440893744220554,0.7534713885554222
177,frozenset({'JUMBO SHOPPER'}),"frozenset({'JUMBO BAG RED', 'JUMBO BAG OWLS'})",0.051,0.0392,0.0334,0.6549019607843137,16.706682673069228,1.0,0.0314008,2.784136363636364,0.9906677687827717,0.5880281690140845,0.6408221906581117,0.7534713885554222
178,frozenset({'JUMBO BAG RED'}),"frozenset({'JUMBO SHOPPER', 'JUMBO BAG OWLS'})",0.0508,0.0398,0.0334,0.65748031496063,16.519605903533417,1.0,0.03137816,2.8033425287356324,0.9897449096749611,0.5839160839160839,0.6432829774636847,0.7483381474300637
179,frozenset({'JUMBO BAG OWLS'}),"frozenset({'JUMBO SHOPPER', 'JUMBO BAG RED'})",0.0468,0.0428,0.0334,0.7136752136752136,16.674654525121813,1.0,0.03139696,3.3430567164179097,0.9861820630664815,0.594306049822064,0.7008725592093749,0.7470245227254573
180,"frozenset({'WATER BOTTLE', 'LUNCH BOX WRAP'})",frozenset({'LUNCH BAG'}),0.0484,0.0558,0.042,0.8677685950413224,15.551408513285347,1.0,0.039299280000000006,7.140512500000006,0.9832882964030506,0.6752411575562701,0.8599540299103182,0.8102283835421666
181,"frozenset({'WATER BOTTLE', 'LUNCH BAG'})",frozenset({'LUNCH BOX WRAP'}),0.0482,0.0578,0.042,0.8713692946058091,15.075593332280436,1.0,0.039214040000000006,7.324845161290324,0.9809493791212641,0.65625,0.8634783428208546,0.7990064466108631
182,"frozenset({'LUNCH BOX WRAP', 'LUNCH BAG'})",frozenset({'WATER BOTTLE'}),0.0484,0.0554,0.042,0.8677685950413224,15.663693051287408,1.0,0.03931864,7.143537500000006,0.9837726936087592,0.6796116504854369,0.8600133337299624,0.8129456693618164
183,frozenset({'WATER BOTTLE'}),"frozenset({'LUNCH BOX WRAP', 'LUNCH BAG'})",0.0554,0.0484,0.042,0.7581227436823106,15.663693051287408,1.0,0.03931864,3.9342268656716435,0.9910629845840516,0.6796116504854369,0.7458204536384097,0.8129456693618164
184,frozenset({'LUNCH BOX WRAP'}),"frozenset({'WATER BOTTLE', 'LUNCH BAG'})",0.0578,0.0482,0.042,0.726643598615917,15.075593332280436,1.0,0.039214040000000006,3.4819012658227853,0.9909441934277426,0.65625,0.7128005869047247,0.7990064466108631
185,frozenset({'LUNCH BAG'}),"frozenset({'WATER BOTTLE', 'LUNCH BOX WRAP'})",0.0558,0.0484,0.042,0.7526881720430108,15.551408513285347,1.0,0.039299280000000006,3.8477739130434783,0.9909946439918904,0.6752411575562701,0.7401094704108983,0.8102283835421666
186,"frozenset({'MUG WARMER PINK', 'OFFICE MUG'})",frozenset({'MUG WARMER POLKADOT'}),0.0472,0.0522,0.0382,0.809322033898305,15.504253522956034,1.0,0.035736159999999996,4.970684444444443,0.981844637574127,0.6241830065359476,0.7988204620155149,0.7705614000909149
187,"frozenset({'MUG WARMER PINK', 'MUG WARMER POLKADOT'})",frozenset({'OFFICE MUG'}),0.0446,0.0548,0.0382,0.8565022421524663,15.629602958986611,1.0,0.03575592,6.586862499999997,0.9797140968887788,0.6241830065359476,0.848182651452038,0.7767912670616346
188,"frozenset({'OFFICE MUG', 'MUG WARMER POLKADOT'})",frozenset({'MUG WARMER PINK'}),0.0442,0.0556,0.0382,0.8642533936651583,15.544125785344574,1.0,0.03574248,6.957079999999997,0.9789359863013248,0.6201298701298701,0.8562615350118152,0.7756518766886942
189,frozenset({'MUG WARMER PINK'}),"frozenset({'OFFICE MUG', 'MUG WARMER POLKADOT'})",0.0556,0.0442,0.0382,0.6870503597122302,15.544125785344573,1.0,0.03574248,3.054165517241379,0.9907528755895875,0.6201298701298701,0.672578321523572,0.7756518766886942
190,frozenset({'OFFICE MUG'}),"frozenset({'MUG WARMER PINK', 'MUG WARMER POLKADOT'})",0.0548,0.0446,0.0382,0.6970802919708029,15.629602958986611,1.0,0.03575592,3.1539710843373494,0.9902865511717511,0.6241830065359476,0.6829393887071414,0.7767912670616346
191,frozenset({'MUG WARMER POLKADOT'}),"frozenset({'MUG WARMER PINK', 'OFFICE MUG'})",0.0522,0.0472,0.0382,0.7318007662835249,15.504253522956036,1.0,0.035736159999999996,3.5525828571428564,0.9870242357888038,0.6241830065359476,0.7185146581481159,0.7705614000909149
192,"frozenset({'YELLOW BABUSHKA', 'PURSE BABUSHKA PINK'})",frozenset({'RED BABUSHKA'}),0.0418,0.0514,0.035,0.8373205741626796,16.290283544021005,1.0,0.03285148,5.8311000000000055,0.9795592927214718,0.6013745704467355,0.8285057707808133,0.7591272131513787
193,"frozenset({'YELLOW BABUSHKA', 'RED BABUSHKA'})",frozenset({'PURSE BABUSHKA PINK'}),0.0428,0.0504,0.035,0.8177570093457945,16.225337487019733,1.0,0.032842880000000005,5.210625641025645,0.9803259506895111,0.6013745704467355,0.8080844664551332,0.7561007268951195
194,"frozenset({'PURSE BABUSHKA PINK', 'RED BABUSHKA'})",frozenset({'YELLOW BABUSHKA'}),0.0422,0.051,0.035,0.8293838862559242,16.262429142273024,1.0,0.0328478,5.562194444444445,0.9798586045401664,0.6013745704467355,0.8202148432623015,0.757829198029923
195,frozenset({'YELLOW BABUSHKA'}),"frozenset({'PURSE BABUSHKA PINK', 'RED BABUSHKA'})",0.051,0.0422,0.035,0.6862745098039217,16.262429142273024,1.0,0.0328478,3.052987500000001,0.9889447538762608,0.6013745704467355,0.6724519835079575,0.757829198029923
196,frozenset({'PURSE BABUSHKA PINK'}),"frozenset({'YELLOW BABUSHKA', 'RED BABUSHKA'})",0.0504,0.0428,0.035,0.6944444444444445,16.225337487019733,1.0,0.032842880000000005,3.1326545454545465,0.9881718618365629,0.6013745704467355,0.6807819102010495,0.7561007268951195
197,frozenset({'RED BABUSHKA'}),"frozenset({'YELLOW BABUSHKA', 'PURSE BABUSHKA PINK'})",0.0514,0.0418,0.035,0.6809338521400778,16.290283544021,1.0,0.03285148,3.0031390243902445,0.9894726062467998,0.6013745704467355,0.6670150825924419,0.7591272131513787
198,"frozenset({'PURSE BABUSHKA PINK', 'RED BABUSHKA'})",frozenset({'YELLOW BABUSHKA NOTEBOOK'}),0.0422,0.0518,0.036,0.8530805687203791,16.468736847883765,1.0,0.03381404,6.453877419354836,0.9806628616505417,0.6206896551724137,0.8450543859105454,0.774030631850537
199,"frozenset({'PURSE BABUSHKA PINK', 'YELLOW BABUSHKA NOTEBOOK'})",frozenset({'RED BABUSHKA'}),0.0428,0.0514,0.036,0.8411214953271028,16.36423142659733,1.0,0.033800079999999996,5.970599999999999,0.9808724520592467,0.6185567010309277,0.8325126452952802,0.7707553001927343
200,"frozenset({'RED BABUSHKA', 'YELLOW BABUSHKA NOTEBOOK'})",frozenset({'PURSE BABUSHKA PINK'}),0.0438,0.0504,0.036,0.821917808219178,16.307893020221787,1.0,0.03379248,5.332369230769229,0.9816774733319389,0.6185567010309277,0.812466099641089,0.7681017612524461
201,frozenset({'PURSE BABUSHKA PINK'}),"frozenset({'RED BABUSHKA', 'YELLOW BABUSHKA NOTEBOOK'})",0.0504,0.0438,0.036,0.7142857142857142,16.307893020221787,1.0,0.03379248,3.346699999999999,0.9885004212299917,0.6185567010309277,0.7011981952370991,0.7681017612524461
202,frozenset({'RED BABUSHKA'}),"frozenset({'PURSE BABUSHKA PINK', 'YELLOW BABUSHKA NOTEBOOK'})",0.0514,0.0428,0.036,0.7003891050583657,16.364231426597332,1.0,0.033800079999999996,3.194810389610389,0.9897650338510554,0.6185567010309277,0.6869923788741806,0.7707553001927343
203,frozenset({'YELLOW BABUSHKA NOTEBOOK'}),"frozenset({'PURSE BABUSHKA PINK', 'RED BABUSHKA'})",0.0518,0.0422,0.036,0.6949806949806949,16.468736847883765,1.0,0.03381404,3.14012911392405,0.9905915301506949,0.6206896551724137,0.6815417571316505,0.774030631850537
204,"frozenset({'YELLOW BABUSHKA', 'PURSE BABUSHKA PINK'})",frozenset({'YELLOW BABUSHKA NOTEBOOK'}),0.0418,0.0518,0.0356,0.8516746411483254,16.441595388963812,1.0,0.03343476,6.392703225806452,0.9801488746455783,0.613793103448276,0.843571652761364,0.7694666642035063
205,"frozenset({'YELLOW BABUSHKA', 'YELLOW BABUSHKA NOTEBOOK'})",frozenset({'PURSE BABUSHKA PINK'}),0.0434,0.0504,0.0356,0.8202764976958525,16.27532733523517,1.0,0.03341264,5.283671794871795,0.981138723992041,0.6116838487972509,0.8107376765963064,0.7633128520225294
206,"frozenset({'PURSE BABUSHKA PINK', 'YELLOW BABUSHKA NOTEBOOK'})",frozenset({'YELLOW BABUSHKA'}),0.0428,0.051,0.0356,0.8317757009345794,16.30932746930548,1.0,0.0334172,5.641277777777777,0.9806575357902497,0.6116838487972509,0.8227351959268487,0.764907458310427
207,frozenset({'YELLOW BABUSHKA'}),"frozenset({'PURSE BABUSHKA PINK', 'YELLOW BABUSHKA NOTEBOOK'})",0.051,0.0428,0.0356,0.6980392156862746,16.309327469305483,1.0,0.0334172,3.1699480519480527,0.9891310782491328,0.6116838487972509,0.6845374171398606,0.764907458310427
208,frozenset({'PURSE BABUSHKA PINK'}),"frozenset({'YELLOW BABUSHKA', 'YELLOW BABUSHKA NOTEBOOK'})",0.0504,0.0434,0.0356,0.7063492063492064,16.27532733523517,1.0,0.03341264,3.2576108108108115,0.9883712124797669,0.6116838487972509,0.6930265590102513,0.7633128520225294
209,frozenset({'YELLOW BABUSHKA NOTEBOOK'}),"frozenset({'YELLOW BABUSHKA', 'PURSE BABUSHKA PINK'})",0.0518,0.0418,0.0356,0.6872586872586872,16.441595388963812,1.0,0.03343476,3.0638740740740738,0.9904858170063207,0.613793103448276,0.6736158289069998,0.7694666642035063
210,"frozenset({'YELLOW BABUSHKA', 'RED BABUSHKA'})",frozenset({'YELLOW BABUSHKA NOTEBOOK'}),0.0428,0.0518,0.0366,0.8551401869158879,16.50849781690903,1.0,0.034382960000000004,6.545638709677421,0.9814303558420621,0.6310344827586208,0.8472265206875004,0.7808519467397972
211,"frozenset({'YELLOW BABUSHKA', 'YELLOW BABUSHKA NOTEBOOK'})",frozenset({'RED BABUSHKA'}),0.0434,0.0514,0.0366,0.8433179723502304,16.406964442611486,1.0,0.03436924,6.0543000000000005,0.9816540594020946,0.6288659793814434,0.8348281386782948,0.7776901145797845
212,"frozenset({'RED BABUSHKA', 'YELLOW BABUSHKA NOTEBOOK'})",frozenset({'YELLOW BABUSHKA'}),0.0438,0.051,0.0366,0.8356164383561644,16.384636046199304,1.0,0.0343662,5.773083333333333,0.9819778426215793,0.6288659793814434,0.8267823375723544,0.7766317485898468
213,frozenset({'YELLOW BABUSHKA'}),"frozenset({'RED BABUSHKA', 'YELLOW BABUSHKA NOTEBOOK'})",0.051,0.0438,0.0366,0.7176470588235294,16.3846360461993,1.0,0.0343662,3.386541666666667,0.9894280433242931,0.6288659793814434,0.7047135105872511,0.7766317485898468
214,frozenset({'RED BABUSHKA'}),"frozenset({'YELLOW BABUSHKA', 'YELLOW BABUSHKA NOTEBOOK'})",0.0514,0.0434,0.0366,0.7120622568093385,16.406964442611486,1.0,0.03436924,3.322245945945946,0.989932820181366,0.6288659793814434,0.698998804943904,0.7776901145797845
215,frozenset({'YELLOW BABUSHKA NOTEBOOK'}),"frozenset({'YELLOW BABUSHKA', 'RED BABUSHKA'})",0.0518,0.0428,0.0366,0.7065637065637066,16.508497816909035,1.0,0.034382960000000004,3.262036842105264,0.9907457673613392,0.6310344827586208,0.693443069957905,0.7808519467397972
216,"frozenset({'WATER BOTTLE', 'LUNCH BOX WRAP', 'LUNCH BAG'})",frozenset({'ALPHABET LUNCH'}),0.042,0.0546,0.0334,0.7952380952380952,14.564800279085992,1.0,0.031106799999999997,4.617069767441859,0.9721725650994462,0.5284810126582278,0.7834124129871961,0.7034798534798534
217,"frozenset({'WATER BOTTLE', 'LUNCH BOX WRAP', 'ALPHABET LUNCH'})",frozenset({'LUNCH BAG'}),0.0398,0.0558,0.0334,0.8391959798994975,15.039354478485617,1.0,0.031179159999999997,5.871743749999999,0.9722014001574023,0.5369774919614148,0.829692840393452,0.7188811440716125
218,"frozenset({'WATER BOTTLE', 'LUNCH BAG', 'ALPHABET LUNCH'})",frozenset({'LUNCH BOX WRAP'}),0.0396,0.0578,0.0334,0.8434343434343433,14.592289678794868,1.0,0.03111112,6.017922580645157,0.9698778203692573,0.521875,0.8338297001001309,0.71064450735731
219,"frozenset({'LUNCH BOX WRAP', 'LUNCH BAG', 'ALPHABET LUNCH'})",frozenset({'WATER BOTTLE'}),0.0398,0.0554,0.0334,0.8391959798994975,15.147941875442193,1.0,0.03119508,5.8742312499999985,0.9726978037260202,0.5404530744336569,0.8297649586062856,0.7210420332710483
220,"frozenset({'WATER BOTTLE', 'LUNCH BOX WRAP'})","frozenset({'LUNCH BAG', 'ALPHABET LUNCH'})",0.0484,0.046,0.0334,0.6900826446280992,15.001796622349984,1.0,0.0311736,3.07824,0.9808126496062102,0.5475409836065573,0.67513904049067,0.7080848005749192
221,"frozenset({'WATER BOTTLE', 'LUNCH BAG'})","frozenset({'LUNCH BOX WRAP', 'ALPHABET LUNCH'})",0.0482,0.0462,0.0334,0.6929460580912863,14.998832426218318,1.0,0.03117316,3.106294594594594,0.9805927124527998,0.5475409836065573,0.6780730321779055,0.7079448905175046
222,"frozenset({'WATER BOTTLE', 'ALPHABET LUNCH'})","frozenset({'LUNCH BOX WRAP', 'LUNCH BAG'})",0.046,0.0484,0.0334,0.7260869565217392,15.001796622349984,1.0,0.0311736,3.4740952380952383,0.9783451963996536,0.5475409836065573,0.712155271670596,0.7080848005749192
223,"frozenset({'LUNCH BOX WRAP', 'LUNCH BAG'})","frozenset({'WATER BOTTLE', 'ALPHABET LUNCH'})",0.0484,0.046,0.0334,0.6900826446280992,15.001796622349984,1.0,0.0311736,3.07824,0.9808126496062102,0.5475409836065573,0.67513904049067,0.7080848005749192
224,"frozenset({'LUNCH BOX WRAP', 'ALPHABET LUNCH'})","frozenset({'WATER BOTTLE', 'LUNCH BAG'})",0.0462,0.0482,0.0334,0.722943722943723,14.99883242621832,1.0,0.03117316,3.4354031250000006,0.9785365314663188,0.5475409836065573,0.7089133462321108,0.7079448905175046
225,"frozenset({'LUNCH BAG', 'ALPHABET LUNCH'})","frozenset({'WATER BOTTLE', 'LUNCH BOX WRAP'})",0.046,0.0484,0.0334,0.7260869565217392,15.001796622349984,1.0,0.0311736,3.4740952380952383,0.9783451963996536,0.5475409836065573,0.712155271670596,0.7080848005749192
226,frozenset({'WATER BOTTLE'}),"frozenset({'LUNCH BOX WRAP', 'LUNCH BAG', 'ALPHABET LUNCH'})",0.0554,0.0398,0.0334,0.6028880866425993,15.147941875442193,1.0,0.03119508,2.417958181818182,0.9887618369021011,0.5404530744336569,0.5864279177698389,0.7210420332710483
227,frozenset({'LUNCH BOX WRAP'}),"frozenset({'WATER BOTTLE', 'LUNCH BAG', 'ALPHABET LUNCH'})",0.0578,0.0396,0.0334,0.5778546712802768,14.592289678794867,1.0,0.03111112,2.275045901639344,0.9886124588013528,0.521875,0.5604484290715085,0.71064450735731
228,frozenset({'LUNCH BAG'}),"frozenset({'WATER BOTTLE', 'LUNCH BOX WRAP', 'ALPHABET LUNCH'})",0.0558,0.0398,0.0334,0.5985663082437276,15.039354478485617,1.0,0.031179159999999997,2.3919267857142854,0.9886758996305207,0.5369774919614148,0.5819270029615992,0.7188811440716125
229,frozenset({'ALPHABET LUNCH'}),"frozenset({'WATER BOTTLE', 'LUNCH BOX WRAP', 'LUNCH BAG'})",0.0546,0.042,0.0334,0.6117216117216117,14.564800279085992,1.0,0.031106799999999997,2.4673018867924523,0.9851293816006658,0.5284810126582278,0.5946989683941667,0.7034798534798534
230,"frozenset({'HOT WATER BOTTLE', 'HEART HOT WATER', 'CALM HOT WATER'})",frozenset({'GREY HEART HOT'}),0.038,0.0556,0.0318,0.8368421052631579,15.051117001135935,1.0,0.029687200000000004,5.788258064516131,0.9704363289268951,0.5145631067961166,0.8272364519940257,0.7043922756531618
231,"frozenset({'HOT WATER BOTTLE', 'HEART HOT WATER', 'GREY HEART HOT'})",frozenset({'CALM HOT WATER'}),0.0382,0.0566,0.0318,0.8324607329842932,14.707786801842637,1.0,0.029637880000000002,5.630918750000002,0.9690255822743258,0.5047619047619047,0.8224090873270016,0.6971490944073411
232,"frozenset({'HOT WATER BOTTLE', 'CALM HOT WATER', 'GREY HEART HOT'})",frozenset({'HEART HOT WATER'}),0.0408,0.0524,0.0318,0.7794117647058824,14.874270318814549,1.0,0.02966208,4.295786666666666,0.972445591451996,0.5179153094462541,0.7672137660467311,0.6931409968567579
233,"frozenset({'HEART HOT WATER', 'CALM HOT WATER', 'GREY HEART HOT'})",frozenset({'HOT WATER BOTTLE'}),0.0384,0.0546,0.0318,0.8281250000000001,15.167124542124544,1.0,0.02970336,5.500509090909095,0.9713684739271026,0.5196078431372549,0.8181986460757352,0.7052712912087913
234,"frozenset({'HOT WATER BOTTLE', 'HEART HOT WATER'})","frozenset({'CALM HOT WATER', 'GREY HEART HOT'})",0.0444,0.0476,0.0318,0.7162162162162162,15.046559164206222,1.0,0.02968656,3.3560761904761907,0.9769146323163556,0.5282392026578073,0.7020329863672997,0.6921417215534862
235,"frozenset({'HOT WATER BOTTLE', 'CALM HOT WATER'})","frozenset({'HEART HOT WATER', 'GREY HEART HOT'})",0.047,0.0448,0.0318,0.6765957446808512,15.102583586626142,1.0,0.029694400000000003,2.953578947368422,0.9798385766233082,0.5300000000000001,0.6614277059054137,0.6932085866261399
236,"frozenset({'HOT WATER BOTTLE', 'GREY HEART HOT'})","frozenset({'HEART HOT WATER', 'CALM HOT WATER'})",0.0472,0.0446,0.0318,0.6737288135593221,15.106027209850271,1.0,0.029694880000000003,2.928238961038962,0.9800600943132192,0.5300000000000001,0.6584978161600609,0.6933666489321275
237,"frozenset({'HEART HOT WATER', 'CALM HOT WATER'})","frozenset({'HOT WATER BOTTLE', 'GREY HEART HOT'})",0.0446,0.0472,0.0318,0.7130044843049328,15.106027209850271,1.0,0.029694880000000003,3.3199125000000005,0.9773929849922915,0.5300000000000001,0.6987872421336406,0.6933666489321275
238,"frozenset({'HEART HOT WATER', 'GREY HEART HOT'})","frozenset({'HOT WATER BOTTLE', 'CALM HOT WATER'})",0.0448,0.047,0.0318,0.7098214285714286,15.10258358662614,1.0,0.029694400000000003,3.2841846153846155,0.977581829482844,0.5300000000000001,0.6955104182281517,0.6932085866261399
239,"frozenset({'CALM HOT WATER', 'GREY HEART HOT'})","frozenset({'HOT WATER BOTTLE', 'HEART HOT WATER'})",0.0476,0.0444,0.0318,0.6680672268907563,15.046559164206222,1.0,0.02968656,2.8788962025316454,0.9801969998335882,0.5282392026578073,0.6526446493205905,0.6921417215534862
240,frozenset({'HOT WATER BOTTLE'}),"frozenset({'HEART HOT WATER', 'CALM HOT WATER', 'GREY HEART HOT'})",0.0546,0.0384,0.0318,0.5824175824175825,15.167124542124544,1.0,0.02970336,2.3027789473684215,0.9880134594122084,0.5196078431372549,0.5657420782212796,0.7052712912087913
241,frozenset({'HEART HOT WATER'}),"frozenset({'HOT WATER BOTTLE', 'CALM HOT WATER', 'GREY HEART HOT'})",0.0524,0.0408,0.0318,0.6068702290076335,14.874270318814547,1.0,0.02966208,2.439906796116505,0.9843497375693907,0.5179153094462541,0.5901482787819365,0.6931409968567579
242,frozenset({'CALM HOT WATER'}),"frozenset({'HOT WATER BOTTLE', 'HEART HOT WATER', 'GREY HEART HOT'})",0.0566,0.0382,0.0318,0.5618374558303888,14.707786801842639,1.0,0.029637880000000002,2.1950758064516136,0.9879253816318068,0.5047619047619047,0.5444348677795683,0.6971490944073411
243,frozenset({'GREY HEART HOT'}),"frozenset({'HOT WATER BOTTLE', 'HEART HOT WATER', 'CALM HOT WATER'})",0.0556,0.038,0.0318,0.5719424460431656,15.051117001135937,1.0,0.029687200000000004,2.2473613445378158,0.9885215464079553,0.5145631067961166,0.5550337276955983,0.7043922756531618
244,"frozenset({'COFFEE MUG', 'MUG WARMER PINK', 'OFFICE MUG'})",frozenset({'MUG WARMER POLKADOT'}),0.041,0.0522,0.032,0.7804878048780488,14.951873656667601,1.0,0.0298598,4.317755555555556,0.9730122523461939,0.522875816993464,0.7683981904178612,0.6967573124007103
245,"frozenset({'COFFEE MUG', 'MUG WARMER PINK', 'MUG WARMER POLKADOT'})",frozenset({'OFFICE MUG'}),0.0384,0.0548,0.032,0.8333333333333334,15.206812652068127,1.0,0.02989568,5.671200000000002,0.9715474209650582,0.522875816993464,0.8236704753843984,0.7086374695863746
246,"frozenset({'COFFEE MUG', 'OFFICE MUG', 'MUG WARMER POLKADOT'})",frozenset({'MUG WARMER PINK'}),0.038,0.0556,0.032,0.8421052631578948,15.145778114350627,1.0,0.029887200000000003,5.981200000000003,0.9708679833679835,0.5194805194805195,0.8328094696716378,0.7088224157516093
247,"frozenset({'MUG WARMER PINK', 'OFFICE MUG', 'MUG WARMER POLKADOT'})",frozenset({'COFFEE MUG'}),0.0382,0.0554,0.032,0.8376963350785341,15.120872474341772,1.0,0.029883720000000003,5.819954838709681,0.970956799750468,0.5194805194805195,0.8281773608707751,0.7076568317991949
248,"frozenset({'COFFEE MUG', 'MUG WARMER PINK'})","frozenset({'OFFICE MUG', 'MUG WARMER POLKADOT'})",0.0474,0.0442,0.032,0.6751054852320676,15.273879756381618,1.0,0.02990492,2.9418779220779228,0.9810295507033382,0.5369127516778524,0.660081068457907,0.6995436928422781
249,"frozenset({'COFFEE MUG', 'OFFICE MUG'})","frozenset({'MUG WARMER PINK', 'MUG WARMER POLKADOT'})",0.047,0.0446,0.032,0.6808510638297872,15.265718919950386,1.0,0.0299038,2.9935866666666664,0.9805810598111229,0.5369127516778524,0.6659525474458732,0.6991699265337277
250,"frozenset({'COFFEE MUG', 'MUG WARMER POLKADOT'})","frozenset({'MUG WARMER PINK', 'OFFICE MUG'})",0.0444,0.0472,0.032,0.7207207207207207,15.269506794930523,1.0,0.02990432,3.411638709677419,0.9779300962745919,0.5369127516778524,0.7068857270368605,0.6993434112078181
251,"frozenset({'MUG WARMER PINK', 'OFFICE MUG'})","frozenset({'COFFEE MUG', 'MUG WARMER POLKADOT'})",0.0472,0.0444,0.032,0.6779661016949153,15.269506794930525,1.0,0.02990432,2.9673894736842112,0.9808039462636441,0.5369127516778524,0.6630034551014183,0.6993434112078181
252,"frozenset({'MUG WARMER PINK', 'MUG WARMER POLKADOT'})","frozenset({'COFFEE MUG', 'OFFICE MUG'})",0.0446,0.047,0.032,0.7174887892376681,15.265718919950386,1.0,0.0299038,3.37331746031746,0.9781178040611263,0.5369127516778524,0.7035559173532719,0.6991699265337277
253,"frozenset({'OFFICE MUG', 'MUG WARMER POLKADOT'})","frozenset({'COFFEE MUG', 'MUG WARMER PINK'})",0.0442,0.0474,0.032,0.7239819004524887,15.273879756381618,1.0,0.02990492,3.451222950819672,0.9777450826532748,0.5369127516778524,0.7102476385182539,0.6995436928422781
254,frozenset({'COFFEE MUG'}),"frozenset({'MUG WARMER PINK', 'OFFICE MUG', 'MUG WARMER POLKADOT'})",0.0554,0.0382,0.032,0.5776173285198556,15.12087247434177,1.0,0.029883720000000003,2.277082051282051,0.9886367245394877,0.5194805194805195,0.5608414727800536,0.7076568317991949
255,frozenset({'MUG WARMER PINK'}),"frozenset({'COFFEE MUG', 'OFFICE MUG', 'MUG WARMER POLKADOT'})",0.0556,0.038,0.032,0.5755395683453238,15.145778114350627,1.0,0.029887200000000003,2.2664067796610174,0.9889612452350699,0.5194805194805195,0.5587729400679041,0.7088224157516093
256,frozenset({'OFFICE MUG'}),"frozenset({'COFFEE MUG', 'MUG WARMER PINK', 'MUG WARMER POLKADOT'})",0.0548,0.0384,0.032,0.583941605839416,15.206812652068127,1.0,0.02989568,2.311214035087719,0.9884045704612779,0.522875816993464,0.5673269611474793,0.7086374695863746
257,frozenset({'MUG WARMER POLKADOT'}),"frozenset({'COFFEE MUG', 'MUG WARMER PINK', 'OFFICE MUG'})",0.0522,0.041,0.032,0.6130268199233716,14.9518736566676,1.0,0.0298598,2.478207920792079,0.9845101814728846,0.522875816993464,0.5964826068022644,0.6967573124007103
258,"frozenset({'DRAWING SLATE BUNNIES', 'DRAWING SLATE', 'DRAWING SLATE DINOSAUR'})",frozenset({'MAGIC DRAWING SLATE'}),0.0388,0.0532,0.0316,0.8144329896907218,15.308890783660184,1.0,0.029535840000000004,5.1022000000000025,0.972407907836723,0.52317880794702,0.8040061150092118,0.7042089760483685
259,"frozenset({'DRAWING SLATE BUNNIES', 'DRAWING SLATE', 'MAGIC DRAWING SLATE'})",frozenset({'DRAWING SLATE DINOSAUR'}),0.0384,0.0544,0.0316,0.8229166666666669,15.12714460784314,1.0,0.029511040000000002,5.3398588235294175,0.9711872617367678,0.5163398692810459,0.8127291314156798,0.7018995098039217
260,"frozenset({'DRAWING SLATE BUNNIES', 'DRAWING SLATE DINOSAUR', 'MAGIC DRAWING SLATE'})",frozenset({'DRAWING SLATE'}),0.0372,0.0544,0.0316,0.849462365591398,15.615117014547758,1.0,0.029576320000000003,6.2814857142857194,0.9721224487649419,0.5266666666666668,0.8408019940687373,0.7151723592662873
261,"frozenset({'DRAWING SLATE', 'DRAWING SLATE DINOSAUR', 'MAGIC DRAWING SLATE'})",frozenset({'DRAWING SLATE BUNNIES'}),0.0388,0.0528,0.0316,0.8144329896907218,15.424867228990943,1.0,0.029551360000000002,5.104355555555559,0.9729188725064133,0.5266666666666667,0.8040888826971302,0.7064589190877851
262,"frozenset({'DRAWING SLATE BUNNIES', 'DRAWING SLATE'})","frozenset({'DRAWING SLATE DINOSAUR', 'MAGIC DRAWING SLATE'})",0.0456,0.0444,0.0316,0.6929824561403509,15.60771297613403,1.0,0.029575360000000002,3.112525714285715,0.9806465988307319,0.5410958904109591,0.6787175137508905,0.7023470839260313
263,"frozenset({'DRAWING SLATE BUNNIES', 'DRAWING SLATE DINOSAUR'})","frozenset({'DRAWING SLATE', 'MAGIC DRAWING SLATE'})",0.0444,0.0456,0.0316,0.7117117117117118,15.60771297613403,1.0,0.029575360000000002,3.310575000000001,0.9794151464253356,0.5410958904109591,0.6979376694380887,0.7023470839260313
264,"frozenset({'DRAWING SLATE BUNNIES', 'MAGIC DRAWING SLATE'})","frozenset({'DRAWING SLATE', 'DRAWING SLATE DINOSAUR'})",0.0442,0.0462,0.0316,0.7149321266968326,15.4747213570743,1.0,0.02955796,3.3458698412698413,0.9786341086133691,0.5374149659863946,0.7011240581849786,0.6994574053397583
265,"frozenset({'DRAWING SLATE', 'DRAWING SLATE DINOSAUR'})","frozenset({'DRAWING SLATE BUNNIES', 'MAGIC DRAWING SLATE'})",0.0462,0.0442,0.0316,0.683982683982684,15.474721357074298,1.0,0.02955796,3.0245178082191786,0.9806861826511408,0.5374149659863946,0.6693687842463737,0.6994574053397583
266,"frozenset({'DRAWING SLATE', 'MAGIC DRAWING SLATE'})","frozenset({'DRAWING SLATE BUNNIES', 'DRAWING SLATE DINOSAUR'})",0.0456,0.0444,0.0316,0.6929824561403509,15.60771297613403,1.0,0.029575360000000002,3.112525714285715,0.9806465988307319,0.5410958904109591,0.6787175137508905,0.7023470839260313
267,"frozenset({'DRAWING SLATE DINOSAUR', 'MAGIC DRAWING SLATE'})","frozenset({'DRAWING SLATE BUNNIES', 'DRAWING SLATE'})",0.0444,0.0456,0.0316,0.7117117117117118,15.60771297613403,1.0,0.029575360000000002,3.310575000000001,0.9794151464253356,0.5410958904109591,0.6979376694380887,0.7023470839260313
268,frozenset({'DRAWING SLATE BUNNIES'}),"frozenset({'DRAWING SLATE', 'DRAWING SLATE DINOSAUR', 'MAGIC DRAWING SLATE'})",0.0528,0.0388,0.0316,0.5984848484848485,15.42486722899094,1.0,0.029551360000000002,2.393932075471698,0.9872990078686281,0.5266666666666667,0.5822772040000503,0.7064589190877851
269,frozenset({'DRAWING SLATE'}),"frozenset({'DRAWING SLATE BUNNIES', 'DRAWING SLATE DINOSAUR', 'MAGIC DRAWING SLATE'})",0.0544,0.0372,0.0316,0.5808823529411765,15.615117014547756,1.0,0.029576320000000003,2.29720701754386,0.9898048790935767,0.5266666666666668,0.5646887753855178,0.7151723592662873
270,frozenset({'DRAWING SLATE DINOSAUR'}),"frozenset({'DRAWING SLATE BUNNIES', 'DRAWING SLATE', 'MAGIC DRAWING SLATE'})",0.0544,0.0384,0.0316,0.5808823529411765,15.12714460784314,1.0,0.029511040000000002,2.294343859649123,0.9876202103279145,0.5163398692810459,0.564145541744152,0.7018995098039217
271,frozenset({'MAGIC DRAWING SLATE'}),"frozenset({'DRAWING SLATE BUNNIES', 'DRAWING SLATE', 'DRAWING SLATE DINOSAUR'})",0.0532,0.0388,0.0316,0.5939849624060152,15.308890783660184,1.0,0.029535840000000004,2.367400000000001,0.9871973817201715,0.52317880794702,0.5775956745797078,0.7042089760483685
